,Article_Name,Article_Image_Count
0,"Goldasht, Lamerd",1.0
1,The Rabbits' Wedding,1.0
2,Ballot Monkeys,0.0
3,Tepuihyla shushupe,1.0
4,Resni.ca,0.0
5,Samhah,2.0
6,Alton Abbey,1.0
7,Gymnogeophagus tiraparae,2.0
8,Karges Furniture,0.0
9,Tennis (paper game),2.0
10,Nando (futsal player),0.0
11,Newton County Jail,3.0
12,Abdullah bin Isa Al Khalifa,0.0
13,Sink or Swim (1990 film),0.0
14,List of Alicante citizens,0.0
15,Nivelles-Baulers,2.0
16,Trinity's Child,1.0
17,List of 2020 Women's March locations (October),0.0
18,Richard Jupp,1.0
19,Jewish adjacent,0.0
20,Ibigawa,5.0
21,Between Friends (1973 film),0.0
22,"Wayne Township, Marion County, Indiana",2.0
23,Kumrabaria Union,1.0
24,Silk Road Race,1.0
25,FC Zorkiy Krasnogorsk,1.0
26,Pink Anderson,2.0
27,Gmina Branice,1.0
28,Song 2,1.0
29,"Solar eclipse of February 26, 2017",90.0
30,Apistoloricaria listrorhinos,0.0
31,John Kelly (Royal Navy officer),4.0
32,Maija Lång,0.0
33,Qristina Ribohn,0.0
34,Fatou Jaw-Manneh,0.0
35,Euphaedra disjuncta,0.0
36,M79 grenade launcher,9.0
37,Irina Gorbacheva,1.0
38,Franz Abbé,0.0
39,Antonio da Fabriano,1.0
40,Happening '68,0.0
41,"Ballon, Charente-Maritime",6.0
42,PySCF,0.0
43,Pseudo-finite field,0.0
44,Declan Frith,0.0
45,Tervola,3.0
46,Polvadera Group,10.0
47,Abraeomorphus,0.0
48,Yekkeh Tut-e Pain,1.0
49,Small nucleolar RNA Z178,1.0
50,T. J. Slaughter,0.0
51,Lycium australe,1.0
52,Action stroke dance notation,0.0
53,Acanthoscelides alboscutellatus,0.0
54,Dawut Abdurehim,0.0
55,USS Mitchell,3.0
56,Randall T. Eng,0.0
57,Joseph Van De Meulebroeck,2.0
58,List of University of Maryland Francis King Carey School of Law alumni,0.0
59,Sodium tetrasulfide,2.0
60,Intrepid (1829 ship),0.0
61,Dogsomyn Ganbold,0.0
62,2018 Fuzion 100 Surbiton Trophy,0.0
63,Boycott (2021 film),2.0
64,Tecolotlán,5.0
65,Geneviève Simard,1.0
66,Heinrich Bernhard Oppenheim,0.0
67,Lumde,1.0
68,"State Theatre (Benton Harbor, Michigan)",1.0
69,Bedik language,0.0
70,Brent Sancho,1.0
71,Egyptian Petroleum Research Institute,1.0
72,Mahito Yokota,0.0
73,"Corbu, Dondușeni",1.0
74,2017 Aegon Southsea Trophy,0.0
75,Carina Baltrip-Reyes,0.0
76,Ezira,0.0
77,Lanzhou beef noodle soup,6.0
78,Leuconitocris microphthalma,0.0
79,John Wilkinson Taylor (politician),0.0
80,Rhonda Copelon,0.0
81,Joy Smithers,0.0
82,1221,1.0
83,Nancy Bonini,2.0
84,Suzhou Lakeside New City,0.0
85,Whole World Is Watching,1.0
86,"Granada, Minnesota",2.0
87,Eddie Taylor,0.0
88,The Leopard (1963 film),5.0
89,Bartolomeo Olivieri,0.0
90,Martin Tritschler,2.0
91,Virginia Ryan,0.0
92,Biturix venosata,0.0
93,Hardy Brown,0.0
94,Gori (actress),0.0
95,1928 Chatham Cup,0.0
96,Lauren Barnette,0.0
97,James Seehafer,1.0
98,Donald D. Chamberlin,1.0
99,The Slingshot (film),0.0
100,Astrakhan Airlines,1.0
101,Leptojulis cyanopleura,2.0
102,A Buncha Girls,1.0
103,Aéroports du Mali,0.0
104,President Ho Chi Minh's Testament,4.0
105,Stenoma hyalocryptis,0.0
106,Dasaki Stadium,2.0
107,HMS Odiham (M2783),0.0
108,Glen Ridge rape,1.0
109,Sushil Bhattacharya,0.0
110,2022–23 Xavier Musketeers men's basketball team,1.0
111,Electronic monitoring in the United States,7.0
112,W. E. Mauger House,3.0
113,Akshay Kodoth,0.0
114,Mike Harcourt,2.0
115,Piaseczno,8.0
116,USCS Baltimore,0.0
117,List of people with post-traumatic stress disorder,10.0
118,1971 Uruguayan general election,3.0
119,Boevange,1.0
120,Beresford Stakes,109.0
121,Henry Goldsmith,0.0
122,"Koubéogo, Ganzourgou",1.0
123,Diggy Liggy Lo,0.0
124,Panama–Peru relations,4.0
125,Kedar Gurung,0.0
126,Cyclothiazomycin,3.0
127,Studio FOW,0.0
128,WEEP (Minnesota),0.0
129,TUBE1,4.0
130,Salar de Arizaro,7.0
131,Squad 85,1.0
132,Gavin Massey,4.0
133,Current Cancer Drug Targets,0.0
134,Annabelle Terhune,1.0
135,Mahurangi Island (Goat Island),1.0
136,Neal Bledsoe,0.0
137,Euphoria Tour (Enrique Iglesias),1.0
138,Solly Granatstein,2.0
139,1927 Melbourne Carnival,2.0
140,Boxing at the 1972 Summer Olympics – Light flyweight,0.0
141,O'Landa Draper,0.0
142,Yikatong,1.0
143,Liu Woying,1.0
144,All Star Racing 2,1.0
145,Operation 7,0.0
146,Addressable heap,0.0
147,2020 Utah gubernatorial election,6.0
148,Paraun,1.0
149,Tashkan-e Sadat,1.0
150,Annesley Old Church,1.0
151,Anastasia Golovashkina,2.0
152,Muhammed Çalhanoğlu,0.0
153,On Saudi Arabia,1.0
154,Slim Shoulders,1.0
155,1950 Idaho Vandals football team,0.0
156,Les Yewdale,0.0
157,Revenge eviction,0.0
158,Jo Patterson,0.0
159,It's Gonna Work Out Fine,1.0
160,Deli Yürek: Bumerang Cehennemi,1.0
161,Table tennis at the 2018 Commonwealth Games – Women's singles,0.0
162,Alexander Stoffel,0.0
163,European route E16,17.0
164,Jovsa,5.0
165,"Tom Miller (footballer, born 1990)",1.0
166,Château de Saint-Thamar,0.0
167,QuickTime File Format,0.0
168,Jones Road Distillery,9.0
169,SNUB,1.0
170,Waterford Unified School District,1.0
171,Divriği Great Mosque and Hospital,35.0
172,Demonization,0.0
173,Uenanthracus,0.0
174,1979–80 Macedonian Republic League,0.0
175,2018 New Mexico State Aggies football team,1.0
176,"National Register of Historic Places listings in Bristol, Rhode Island",14.0
177,Turco-Persian wars,0.0
178,1901 Rhode Island Rams football team,0.0
179,Judy Fudge,0.0
180,"Natolin, Sokołów County",1.0
181,Andrei Vasyanovich,1.0
182,Tyrone Corbin,1.0
183,Félix Houphouët-Boigny,13.0
184,GPR150,4.0
185,Drwęca Warmińska,1.0
186,Siege of Deventer (1456),1.0
187,Herron (name),0.0
188,"Sir Brook Bridges, 1st Baronet",0.0
189,Hangin' Tough (song),1.0
190,Dobrinka Mincheva,0.0
191,Ada Jones,2.0
192,Raisa Karmazina,1.0
193,Akeem Scott,1.0
194,Maine State Route 46,2.0
195,2006 Mojo Awards,0.0
196,International Alliance of Women,7.0
197,Lê Thị Phương,0.0
198,Inga neblinensis,1.0
199,Walter von Boltenstern,1.0
200,Currie Hall,19.0
201,2011–12 Premiership Rugby,1.0
202,Association of University Staff of New Zealand,1.0
203,"Vernon, Utah",4.0
204,Judge Advocate General (Australia),0.0
205,Thomassetia,0.0
206,Andrea Lombardo,0.0
207,Moldova at the 2018 European Athletics Championships,1.0
208,Adel Al Mulla,0.0
209,A. Hamilton Thompson,0.0
210,Eric Wertheim,0.0
211,Sheephead Mountains,2.0
212,Glenside Hospital (Adelaide),2.0
213,Fisnik Zuka,0.0
214,OK Ravinen,0.0
215,Autonomist Association,0.0
216,1989–90 Kansas State Wildcats men's basketball team,0.0
217,2021 Quincentennial Commemorations in the Philippines,2.0
218,Olkaria IV Geothermal Power Station,1.0
219,Sochi Thermal Power Plant,1.0
220,Pyhimys,1.0
221,Kosmic Kart,1.0
222,Isabella I of Castile,24.0
223,"Jacksonville, Illinois, micropolitan area",1.0
224,Dan Hörning,0.0
225,Knut Stjerna,1.0
226,E. C. Turner,0.0
227,Katiola,2.0
228,Mount Hercules,0.0
229,Personal boundaries,0.0
230,Punto Fijo,4.0
231,"Punta Carnero, Ecuador",2.0
232,SSD Women Hellas Verona,0.0
233,Indian pink,0.0
234,Umbrella (company),1.0
235,Baritius affinis,0.0
236,Hanna Gabriels,1.0
237,Goldy Brar,0.0
238,Felix A. Reeve,1.0
239,Edward Douglas White Catholic High School,2.0
240,RAF Jurby Head,3.0
241,Sebe-Brikolo (department),2.0
242,"Camp Township, Renville County, Minnesota",1.0
243,Daniel Shirley,0.0
244,Adamit,4.0
245,"Behavior tree (artificial intelligence, robotics and control)",3.0
246,Alexander Tikhmenev,1.0
247,God and eternity,1.0
248,Khishig-Öndör,0.0
249,Rudy Camacho,0.0
250,Laredo (Chris Cagle song),1.0
251,Hangin' Tough,1.0
252,Hiawatha (riverboat),1.0
253,André Fomitschow,1.0
254,Virginia State Route 779,1.0
255,Australiteuthis,2.0
256,List of colleges and universities in Brahmanbaria,2.0
257,713th Infantry Division,0.0
258,Pietro Spagnoli,0.0
259,Gold Jam Records,0.0
260,Carbocisteine,2.0
261,Ormosia romanovichiana,0.0
262,Macasinia vilhena,0.0
263,Grace and St. Peter's Church,3.0
264,1954 Southern Conference men's basketball tournament,0.0
265,Maria Lassnig,6.0
266,Sara Craven,0.0
267,Fresno de Torote,3.0
268,Feeria,0.0
269,Frances Hughes,0.0
270,6'''-Hydroxyneomycin C oxidase,0.0
271,Hypothetical (TV series),2.0
272,Broströmmen,0.0
273,Totem (Zazie album),1.0
274,Desert pride,0.0
275,Southeastern Collegiate Rugby Conference,2.0
276,Ancylis discigerana,5.0
277,Littorinimorpha,30.0
278,Day of Ukrainian Literature and Language,0.0
279,O‘rinbek Yoqubov,0.0
280,"Bakerville, Tennessee",3.0
281,Malvarosa (film),1.0
282,Ibis Dam,1.0
283,Ministry of Natural Resources of the People's Republic of China,1.0
284,"Waterford, Indiana",2.0
285,Melodies of Vera Quarter,1.0
286,Powell Gardens,3.0
287,Mati Mark,0.0
288,Perfect fluid,1.0
289,9th Light Infantry Regiment,3.0
290,Akuma no Memumemu-chan,1.0
291,Hadith Qudse,2.0
292,1966–67 Albanian National Championship,0.0
293,Aquaculture (journal),0.0
294,Ballylanders,3.0
295,Transport in Leeds,10.0
296,Beth Wessel-Kroeschell,1.0
297,Ham Lin̄i,1.0
298,Marwan Kenzari,1.0
299,César Herrera (rower),0.0
300,GoldenSource,1.0
301,BB5 (film),1.0
302,Victory Engineering,1.0
303,Israeli folk dance,5.0
304,Sex and Death 101,1.0
305,Catch 22 (Hypocrisy album),2.0
306,Crutched Friars,1.0
307,Härslöv Church,3.0
308,Wuluwati Dam,1.0
309,Hrag Vartanian,0.0
310,Battle of Blain,0.0
311,Maureen Hicks,0.0
312,Nadey Hakim,5.0
313,Olaug Abrahamsen,0.0
314,Marilyn Deegan,0.0
315,Peyton Place (novel),1.0
316,Andriy Tsukanov,0.0
317,Andrew Barclay (mathematician),1.0
318,Congress Street (Boston),14.0
319,Buddy Baumann (baseball),1.0
320,Hermann Rieck,6.0
321,Parks-Bentley House,3.0
322,Gun Island,1.0
323,La fuga (1937 film),1.0
324,"Breitenberg, Lower Bavaria",5.0
325,La Quarte,4.0
326,"Sandy Creek (village), New York",2.0
327,Valley of the Head Hunters,0.0
328,The Message (Prison Break),0.0
329,Oes,2.0
330,Bank Block,3.0
331,Andrew Sega,2.0
332,Santo Domingo (song),1.0
333,Gyracanthidae,1.0
334,Gmina Łagiewniki,2.0
335,Martin Atkinson,2.0
336,Laura Moser,2.0
337,Sonja Castelein,0.0
338,Pandemis piceocola,0.0
339,Ainsworth Psalter,0.0
340,Dwayne Gratz,1.0
341,Sistema de Informações da República Portuguesa,2.0
342,Airport privacy,2.0
343,Goniobranchus tinctorius,0.0
344,Road Gang,1.0
345,Fencing at the 2015 Pan American Games,3.0
346,Willians Santana,0.0
347,Second Siddaramaiah ministry,23.0
348,Appliance classes,3.0
349,Phuket Beer,1.0
350,Parents Action League,0.0
351,Branch Building,4.0
352,Carlos Zambrano,5.0
353,Keith Simpson (footballer),0.0
354,Trey Nielsen,1.0
355,Rhysoconcha atanuiensis,1.0
356,2024 United States House of Representatives elections in North Carolina,1.0
357,Pitstop (video game),3.0
358,Pinar Yolaçan,0.0
359,WNSL,1.0
360,Farnham (surname),0.0
361,Lexington Airport (Oregon),1.0
362,The Photograph (2020 film),1.0
363,Oxathiane,0.0
364,MV Aegean Odyssey,2.0
365,Pedro Horrillo,1.0
366,Senate of Barbados,4.0
367,Gmina Jeżów Sudecki,1.0
368,Batibat,0.0
369,Sons of Mogh,1.0
370,"Embassy of Bangladesh, Washington, D.C.",3.0
371,Betty Gordon,0.0
372,Anna Hashimoto,0.0
373,Cleone (play),1.0
374,Burlington Refrigerator Express,0.0
375,The Middle East Journal,1.0
376,Francis Ayscough,2.0
377,Pirionimyia,0.0
378,USS Alpha (1864),0.0
379,"Borki, Gmina Jadów",1.0
380,Persicaria tinctoria,2.0
381,LCD Soundsystem,8.0
382,Diego de la Calzada,0.0
383,Offshoring Research Network,0.0
384,"Boguszki, Łomża County",1.0
385,WRLO-FM,1.0
386,Elizabeth Tinnon,0.0
387,Denis Trček,0.0
388,Vietnam Populist Party,2.0
389,Athletics at the 2014 Asian Games – Women's 800 metres,0.0
390,Tropidodipsas papavericola,0.0
391,Mark Ondayko,0.0
392,Antoine-Marie Coupart,0.0
393,Aachen thermal springs,11.0
394,2018–19 Diósgyőri VTK season,0.0
395,1961–62 Hibernian F.C. season,0.0
396,Leonard Montague Harris,0.0
397,Eumachia frutescens,1.0
398,Andrei Vorobyov,0.0
399,Tongju Yang clan,0.0
400,IC 405,4.0
401,Velar ejective fricative,0.0
402,Rocío Ríos,0.0
403,"Trzęsów, Lower Silesian Voivodeship",2.0
404,Stanley J. Seeger,0.0
405,Sahavasa,1.0
406,Anxiotropic,0.0
407,Gioacchino Cocchi,1.0
408,Death Row Records discography,0.0
409,California State Route 271,3.0
410,A Woman with Power of Attorney,1.0
411,Large panel system-building,6.0
412,Samuel Loomis (businessman),0.0
413,Latin Grammy Award for Best Classical Contemporary Composition,0.0
414,Boleite,2.0
415,Socialist Labor Party (Australia),0.0
416,École secondaire l'Horizon,1.0
417,Joanne Siegel,3.0
418,List of fried chicken dishes,7.0
419,Ronald Burroughs,0.0
420,West Kesteven Rural District,0.0
421,"List of Cultural Properties of the Philippines in Bulakan, Bulacan",31.0
422,"Sunny Isles Beach, Florida",9.0
423,Nobel family,2.0
424,2008 Zimbabwean general election,7.0
425,1970 in Soviet football,0.0
426,The Sandman: The Kindly Ones,1.0
427,1973 All-Southwest Conference football team,0.0
428,Micah P. Hinson,1.0
429,Alan Cox (actor),0.0
430,Lakshmi Narasimha Entertainments,0.0
431,Segaki,0.0
432,Charlotte Sting,2.0
433,AdaCamp,2.0
434,Georgia State Route 251,2.0
435,1905–06 Sheffield Shield season,0.0
436,Vegard Arnhoff,0.0
437,Two Thrones,1.0
438,"Monkey Hips and Rice: The ""5"" Royales Anthology",1.0
439,Grzegorz Kielsa,0.0
440,Hugo Castejón,0.0
441,Sihala ceylonicus,0.0
442,Andy Hertzfeld,1.0
443,Chase Mishkin,0.0
444,Volantis,0.0
445,"Conversation Piece at the Royal Lodge, Windsor",1.0
446,List of high commissioners of Australia to Cyprus,2.0
447,Antonie Iorgovan,0.0
448,Sergio Miguel,0.0
449,2017 Iraq FA Cup final,0.0
450,Principal Secretary to Chief Minister,0.0
451,Bella Jimenez,2.0
452,Coregonus lavaretus,3.0
453,Cycling at the 2012 Summer Paralympics – Men's individual pursuit C5,0.0
454,Natalie Panek,1.0
455,Roger Sherman,7.0
456,North Region Junior Football League,0.0
457,"Center Strafford, New Hampshire",4.0
458,Ceramide-activated protein phosphatase,0.0
459,Calytrix viscida,1.0
460,2017 World Open (snooker),0.0
461,Amjad Ismail,0.0
462,Cherokee Falls,2.0
463,"Griffin House (Portland, Maine)",3.0
464,Connector (mathematics),0.0
465,Avvakumov,0.0
466,Mukesh (singer),3.0
467,Bert Mehaffy,0.0
468,Michael J. Desmond,0.0
469,Fruta Fresca,1.0
470,List of Prussian finance ministers,9.0
471,"Grafton railway station, Auckland",1.0
472,Clydes Island,0.0
473,The Shopping Bag Lady,0.0
474,Henry Buehman,3.0
475,2017 FIBA 3x3 Under-18 Europe Cup,0.0
476,Lisa Armstrong (writer),0.0
477,Karen Dunn,1.0
478,Reginald Crompton,2.0
479,Dave Drechsler,0.0
480,Dunker House,2.0
481,Casey Hess,1.0
482,Dale Stoffel,1.0
483,Ayetoro Gbede,1.0
484,List of shipwrecks in February 1836,0.0
485,Demi-Gods and Semi-Devils (2003 TV series),1.0
486,Rzewuski family,10.0
487,Sichuan women's volleyball team,0.0
488,Bigeye houndshark,3.0
489,1975 NCAA Division I football rankings,0.0
490,Yarrow boiler,8.0
491,Hindu Temple of Minnesota,1.0
492,Tamluk Hamilton High School,1.0
493,Francis Dane,0.0
494,Fred Baker (engineer),1.0
495,Fraser baronets of Tain (1943),1.0
496,Body Riddle,1.0
497,Spencer Jones (comedian),1.0
498,Snow Queen Trophy,4.0
499,The Heist (album),1.0
500,778 Naval Air Squadron,0.0
501,Nancy B. Pettit,3.0
502,Steve Landen,0.0
503,Hardyman,0.0
504,2018 Jalisco Open – Doubles,0.0
505,Nu Thang,1.0
506,Meckesheim–Neckarelz railway,8.0
507,2015 BMW Open – Singles,0.0
508,NexTraq,0.0
509,Chuck Loeb,1.0
510,Di-tert-butyl-iminodicarboxylate,1.0
511,Skip Rollins,0.0
512,Canadian University Field Lacrosse Association,6.0
513,2013 Northern Ireland Youth Soccer Tournament,0.0
514,Stanislas Solaux,0.0
515,1973 NSWRFL season,12.0
516,Maestro concept,2.0
517,Chabauty topology,0.0
518,2003 America East men's basketball tournament,0.0
519,List of banks in the Philippines,0.0
520,Theatre in education,0.0
521,Abar Proloy,1.0
522,Judd Nelson,1.0
523,List of cities in Lesotho,2.0
524,Bácsbokod,4.0
525,Alan McCullough (architect),0.0
526,Sidi Merouane,1.0
527,New Mexico State Road 252,2.0
528,National Route 212 (Costa Rica),1.0
529,Rohit Khosla,2.0
530,Derek Hardiman,0.0
531,Apocalypse of Simeon Kepha,0.0
532,Pacific Cycles,5.0
533,303rd Intelligence Squadron,3.0
534,People's Movement for Justice and Welfare,0.0
535,"Saigō, Miyazaki",0.0
536,Antwerp International Exposition (1894),1.0
537,Andrena amphibola,0.0
538,Dragon's Lair (1990 video game),2.0
539,IFK Östersund,1.0
540,Stored-value card,2.0
541,Ivo Pantulf,0.0
542,Jurgen Lentink,0.0
543,Hobby Center for the Performing Arts,5.0
544,Bullwhip (film),1.0
545,"St Clair, Goulburn",2.0
546,Jolette (singer),0.0
547,North County Trailway,4.0
548,Miss North Dakota USA,0.0
549,U.S. National Vegetation Classification,1.0
550,Tirunelveli division,0.0
551,USS YP-16,1.0
552,Spring Branch (Murderkill River tributary),3.0
553,Tarence Kinsey,1.0
554,Papua New Guinea at the 1984 Summer Olympics,1.0
555,525th Air Defense Group,3.0
556,Kabekona Lake,1.0
557,Zatoichi and the Chest of Gold,1.0
558,Horsemen Family,0.0
559,Blepharomastix hedychroalis,0.0
560,Che sarà,0.0
561,Eupithecia subcolorata,0.0
562,Herman Miller (writer),0.0
563,Nessel,0.0
564,Formentera del Segura,1.0
565,Boules,2.0
566,Aidan Eames,0.0
567,Reed Budge,1.0
568,Jules Verne ATV,9.0
569,"Budziszewo, Kuyavian-Pomeranian Voivodeship",1.0
570,"National Register of Historic Places listings in Boone County, Indiana",17.0
571,Azure-thighed tree frog,0.0
572,Michael Weiße,0.0
573,Deraeocoris flavilinea,1.0
574,Dialampsis,0.0
575,South African motorcycle Grand Prix,3.0
576,John Balistreri,1.0
577,Great Britain men's national inline hockey team,0.0
578,Persoonia brevirhachis,2.0
579,"Republican City Township, Harlan County, Nebraska",1.0
580,Mary Evelyn Rhodes,0.0
581,Kumaragupta I,12.0
582,Sooryaputhran,0.0
583,"Darwin College, Cambridge",34.0
584,Leo Bachle,0.0
585,"Dilektaşı, Genç",1.0
586,Daktari (album),1.0
587,Assi IF,1.0
588,"Laporte Township, Sullivan County, Pennsylvania",4.0
589,Tezozomoctli (Cuauhtitlan),0.0
590,Miami Dolphins Cheerleaders,2.0
591,Richard Nute,0.0
592,Gnathopalystes,1.0
593,Wish me mell,1.0
594,Hermodice,1.0
595,Cycloclavine,1.0
596,"Jargalant, Orkhon",0.0
597,Morten Gunnar Larsen,1.0
598,Dirty Work (Brown novel),0.0
599,Shoilmari River,0.0
600,"Nurzec, Siemiatycze County",2.0
601,Plemyristis,0.0
602,New 7 Wonders Cities,7.0
603,Bank of Mozambique,5.0
604,Al Haliq Mosque,6.0
605,Boundary Waters Blues Festival,0.0
606,Carlos Torre Repetto Memorial,1.0
607,Massachusetts Route 58,3.0
608,Dinner Party Stakes,2.0
609,Togo at the 2019 African Games,1.0
610,Iain Finlay,0.0
611,Ekhtyiarabad-e Do Ziyarati,1.0
612,Atamestane,1.0
613,KRI Makassar (590),1.0
614,Armando Fragna,0.0
615,Jim Olsen,2.0
616,Wallowa Union Railroad Authority,1.0
617,Willenhall,8.0
618,Urban Mazanovský,0.0
619,Mario Chiesa (cyclist),1.0
620,Notothixos subaureus,0.0
621,Hemicrepidius flavipes,0.0
622,"Bartoszówka, Masovian Voivodeship",1.0
623,Moldova at the 2022 World Athletics Championships,1.0
624,1999–2000 EHF Champions League,0.0
625,International Clinical Trials Registry Platform,0.0
626,David Rawnsley,0.0
627,Human Touch (Betty Who song),1.0
628,Convoy OG 82,0.0
629,Local Government ICT Network,1.0
630,Best Action Sports Athlete ESPY Award,2.0
631,Knuckles Nelson,0.0
632,Scrignac,5.0
633,Lehigh Line Connection,2.0
634,Restless legs syndrome,1.0
635,Hélder Pinheiro,0.0
636,Kudo-kai,1.0
637,Volume 8 (Fabrizio De André album),1.0
638,Wite-Out,0.0
639,1971 SCCA L&M Continental 5000 Championship,1.0
640,Gaston Étienne,0.0
641,The End of the Affair?,0.0
642,Martha Quest,1.0
643,Congregation of Our Lady of Calvary,0.0
644,Malú,2.0
645,1998 San Diego Chargers season,0.0
646,John McDuffie,4.0
647,Front and Centre,0.0
648,The Dearly Beloved (band),1.0
649,Lúcia Teixeira,1.0
650,"Pontevedra, Buenos Aires",5.0
651,Cowboy Graves,1.0
652,Flashing Lights (Havana Brown song),1.0
653,Glaucostola binotata,0.0
654,Stefan Güttel,0.0
655,Gifty Klenam,0.0
656,Tommy Ritchie,0.0
657,"South Indian Cultural Association, Indore",0.0
658,Johann Adam Ackermann,1.0
659,Martha Merrow,0.0
660,Darkhorse Theater,0.0
661,Hans Eskilsson,0.0
662,Yitzhak Sadeh Prize,0.0
663,Lorely Burt,1.0
664,Malcolm Lindsay,0.0
665,Cornellà del Terri,5.0
666,Hybrid iguana,1.0
667,The Golf House Club,4.0
668,Trichoxys atripes,0.0
669,Joiner (surname),0.0
670,Hornnes Church,8.0
671,Dewan Farid Gazi,1.0
672,Mary Worth,3.0
673,Monaco at the Olympics,1.0
674,Zubaida al-Meeki,0.0
675,Maximina Uepa,1.0
676,Living (1954 TV program),0.0
677,Uzbekistan Professional Football League,1.0
678,Adelle Davis,1.0
679,"Hudson, Wisconsin",7.0
680,Rosa 'La France',2.0
681,Judo at the 2014 Commonwealth Games – Men's 81 kg,1.0
682,Arizona's 5th legislative district,4.0
683,James Drake (politician),6.0
684,Tulak (Golden Horde),0.0
685,Abigail Adams Smith,5.0
686,Kayraly,3.0
687,"Union Church, Nuwara Eliya",1.0
688,Xiong Zhi,0.0
689,If Only It Were True,1.0
690,"Bukowo, Sztum County",1.0
691,Kitasen Dam,1.0
692,Egon Wisniowski,1.0
693,Grabowno Małe,1.0
694,Fred Ivimey,0.0
695,"Juba (footballer, born 1984)",0.0
696,Gus J. Solomon United States Courthouse,7.0
697,Teychenné,0.0
698,Hajra Khan (actress),0.0
699,Tlachene Cove,1.0
700,Palaquium vexillatum,0.0
701,1886 in the United Kingdom,0.0
702,Mami Kosuge,0.0
703,Peter Karia,0.0
704,"Ansha, Changsha",3.0
705,63rd Golden Globe Awards,13.0
706,A Cup of Coffee and New Shoes On,1.0
707,2006 United States House of Representatives election in the District of Columbia,4.0
708,Sirəbil,2.0
709,Jean Perron,0.0
710,List of awards and nominations received by Terry Pratchett,2.0
711,Gulfstream G400/G500/G600,7.0
712,IvyGate,2.0
713,Janro van Niekerk,0.0
714,Rusudan,0.0
715,"Hi-Tech Medical College & Hospital, Bhubaneswar",2.0
716,Les Rohr,0.0
717,"Pınarbaşı, Ortaköy",0.0
718,Magomet Isayev,0.0
719,Phases and Stages,2.0
720,Wiki Loves Pride,2.0
721,Queen's University Faculty of Law,1.0
722,Pioneer State High School,1.0
723,Elachista bregorella,0.0
724,Stem Player,1.0
725,Dazhai,2.0
726,Süleyman Nazif,2.0
727,Mihrak,1.0
728,Jack Roos,0.0
729,Home Alone (song),1.0
730,Kazis and Thikadars of Sikkim,0.0
731,Doping at the 1998 Tour de France,2.0
732,Zion Ozeri,0.0
733,Finnish II Corps (Winter War),0.0
734,Győr-Moson-Sopron County 1st constituency,1.0
735,Athletics at the 1995 Pan American Games – Men's 200 metres,0.0
736,Jagdstaffel 34,1.0
737,Morgan ab Athrwys,0.0
738,Ardozyga loemias,0.0
739,"Old Salem, Alabama",3.0
740,Mars 2MV-4 No.1,3.0
741,Caloptilia glyphidopis,0.0
742,Julia Faye,5.0
743,Raa (surname),0.0
744,Bubble light,5.0
745,Laurie Shrage,0.0
746,Charles McGee (pilot),9.0
747,Zac Smith,1.0
748,"Elizabeth Wellesley, Duchess of Wellington",1.0
749,Thomas Erskine (judge),0.0
750,2022 ICF Canoe Sprint World Championships – Men's VL1,0.0
751,2023 East Africa T20 Cup,0.0
752,List of wars involving the United Arab Emirates,0.0
753,89th (Princess Victoria's) Regiment of Foot,3.0
754,"El Cerrito, San Diego",1.0
755,Alan R. Graham,1.0
756,Parudur,1.0
757,Killian Brady,0.0
758,Cnemacantha,0.0
759,APOPO,1.0
760,Danish Clothing and Textile Workers' Union,0.0
761,Super Love (Dami Im song),1.0
762,Matanglawin (publication),1.0
763,Henneicke Column,0.0
764,Spotted thicklip loach,2.0
765,Ceratinia tutia,1.0
766,"James Gordon, 2nd Viscount Aboyne",0.0
767,Yongsan District,15.0
768,Selim District,3.0
769,Bayard 1908,1.0
770,Abigail Fallis,1.0
771,Villalcampo,3.0
772,Glad Rags (TV series),0.0
773,Remains (Annihilator album),1.0
774,Richard Peck (RAF officer),1.0
775,Frederic Carpenter Skey,2.0
776,Else Gebel,0.0
777,Cleo Smith (baseball),0.0
778,Abil Pol Randeh,0.0
779,Thomas R. Adams,0.0
780,Live at the Jazz Standard (André Previn album),1.0
781,G-fibration,0.0
782,Angacha,0.0
783,Howe Sound Crest Trail,1.0
784,Thak man-eater,1.0
785,East 79th station (GCRTA Blue and Green Lines),2.0
786,Inside the NFL,0.0
787,Randall G. Hulet,0.0
788,Ayats Bravo,4.0
789,David Fitzsimmons,0.0
790,Albert Chester,0.0
791,Feras Saied,0.0
792,"Winniki, West Pomeranian Voivodeship",2.0
793,"Naya, Myanmar",1.0
794,Xyletobius mimus,0.0
795,Prasophyllinae,1.0
796,Colin McDonald (New Zealand cricketer),0.0
797,Bulls Head Ground,1.0
798,San Vicente de León,0.0
799,OpenShift,1.0
800,Şoray Uzun,0.0
801,Brunei at the 2022 Commonwealth Games,1.0
802,Ciro Berardi,0.0
803,Turbo haynesi,0.0
804,Samuel Mattocks,0.0
805,Perth (provincial electoral district),0.0
806,Alanna O'Kelly,0.0
807,Émile Masson Jr.,0.0
808,Birgit Anette Olsen,0.0
809,In These Silent Days,2.0
810,WORJ-LP,1.0
811,Kepi,29.0
812,Mass Hysteria (band),1.0
813,On Your Back,1.0
814,Giovanni Battista Antici,0.0
815,Order of Mwalimu Julius Kambarage Nyerere,0.0
816,2001–02 FA Premier League,5.0
817,List of faculties of law in France,0.0
818,Blue Water (train),4.0
819,Bobby Rogers,2.0
820,Send for Me,1.0
821,Betty Beath,1.0
822,"List of members of the European Parliament for Portugal, 2014–2019",0.0
823,Ribonuclease T2,0.0
824,"Yeşilbük, Şiran",1.0
825,107th Rocket Brigade (Russia),2.0
826,Titus Awotwi Pratt,0.0
827,Rutledge Dennis,3.0
828,Adultery in English law,1.0
829,What She Wants Tonight,1.0
830,Rullestad Tunnel,1.0
831,Odometry,1.0
832,Alexander Rüstow,2.0
833,Gantz (film),1.0
834,Israel Resilience Party,2.0
835,Dancing on Ice,1.0
836,Zaō Quasi-National Park,4.0
837,Hypatima dermatica,0.0
838,Slovenian Futsal Cup,0.0
839,Himangshu Mohan Choudhury,0.0
840,Maximillian Wood,1.0
841,Alfons Jeżewski,0.0
842,Aapsta,2.0
843,Bingo Stadium,2.0
844,Kira Soltanovich,0.0
845,"Modern Welding Company, Inc.",0.0
846,Shunpei,0.0
847,Henry Kiel,2.0
848,Seganfredo,0.0
849,The Quest for the Historical Muhammad,1.0
850,Sammy Figueroa,0.0
851,Yaa Asantewaa Festival,0.0
852,Gunn Marit Helgesen,1.0
853,Therese Soukup,0.0
854,HMS Preston,0.0
855,Parastagmatoptera zernyi,0.0
856,Faders Up 2,0.0
857,Prix République du Glamour,0.0
858,15 cm sIG 33 auf Fahrgestell Panzerkampfwagen II (Sf),2.0
859,Hu Mingyuan,0.0
860,Hot Pink (The Pink Spiders album),1.0
861,"La Rambla, Barcelona",8.0
862,C.W. Downer & Co.,1.0
863,Frank Figueroa,0.0
864,Legal education in Sri Lanka,0.0
865,One Thing at a Time,1.0
866,Arthur Huddleston,0.0
867,"Cheshire, Connecticut",15.0
868,2017 in Myanmar,3.0
869,Scarface (Push It to the Limit),1.0
870,"Halos for Heros, Dirt for the Dead",1.0
871,Kerry Mitchell,1.0
872,Regas,0.0
873,Segunda División Player of the Month,2.0
874,Pratibha Advani,0.0
875,The Only Number That Matters Is Won,1.0
876,Arodys Vizcaíno,2.0
877,"Olsza, Greater Poland Voivodeship",1.0
878,Athyrtis,1.0
879,Billy Edwin Reid,1.0
880,2014 World Junior Championships in Athletics – Women's 800 metres,0.0
881,Big Canoe,1.0
882,Tyari,4.0
883,Stari Broskivtsi,0.0
884,Diana Fleischman,2.0
885,Dryophilus pusillus,1.0
886,1700s in literature,0.0
887,Dipeptide,3.0
888,1967 PGA Tour Qualifying School graduates,0.0
889,Myrthen,1.0
890,Jefferson Cuero,0.0
891,Parker Cleaveland House,3.0
892,Vranješ,0.0
893,1986–87 Illinois State Redbirds men's basketball team,1.0
894,Franz Kröwerath,0.0
895,"List of Statutory Rules of Northern Ireland, 2020",1.0
896,Are We Dating The Same Guy?,0.0
897,Cannabis in China,1.0
898,119th Infantry Division (German Empire),0.0
899,"Shilton, Warwickshire",2.0
900,"Tireli, Mali",9.0
901,Bernhard Haurwitz,0.0
902,Al Bayda Stadium,2.0
903,Margaret Chase Smith,7.0
904,Mordellistena wagneri,0.0
905,A. G. Sulzberger,1.0
906,Münzenberg (surname),0.0
907,TKO (Le Tigre song),1.0
908,Vassfaret,9.0
909,Christine Nakwang Tubo,0.0
910,The Little Nugget,1.0
911,McLeod Building,4.0
912,China Girl (1987 film),1.0
913,George True Bartlett,1.0
914,Constantin Agiu,2.0
915,Susenphaa,1.0
916,Weem (album),1.0
917,Fawn River (Michigan),1.0
918,Communist Party of Turkey (Workers Voice),1.0
919,Sutton Coldfield (UK Parliament constituency),3.0
920,1988 Roller Hockey World Cup,1.0
921,Bowyer's Common,1.0
922,Dienst,0.0
923,Yoon Je-kyoon,1.0
924,Khajuha,2.0
925,Genetic representation,0.0
926,Symi,21.0
927,"St Andrew's Church, High Ham",5.0
928,"Rore, Glamoč",1.0
929,Broström procedure,0.0
930,Emily Chalker,1.0
931,"Nikolsky, Altai Krai",2.0
932,One of a Kind (Love Affair),1.0
933,Freudy Cat,0.0
934,Chocolate Factory,1.0
935,Yuraq Urqu (Bolivia),2.0
936,Mystery (novel),1.0
937,"Zakępie, Lublin Voivodeship",2.0
938,When Louis Met...,1.0
939,Epidemas cinerea,0.0
940,2006–07 ECHL season,0.0
941,Jose Martinez (boxer),0.0
942,Flămânda Church,1.0
943,James Cosmano,0.0
944,Indian rupee sign,4.0
945,Companies listed on the New York Stock Exchange (T),0.0
946,Get the Picture (game show),1.0
947,Vladimir Poulnikov,1.0
948,Lanthanum oxalate,0.0
949,South (lunar crater),1.0
950,America in Vietnam,0.0
951,Maritime Museum of San Diego,8.0
952,A Dónde,1.0
953,Eoacmaea javanica,0.0
954,"Taşgedik, Ömerli",1.0
955,Jikharra,1.0
956,Bhawanipatna,13.0
957,Scott Lipton,0.0
958,Vaishali Desai,1.0
959,Perspex Island,1.0
960,Fokker D.XI,2.0
961,Daijee,2.0
962,Khary Payton,1.0
963,Insect repellent,7.0
964,Dâu Temple,2.0
965,Joy Compressor,0.0
966,Christer Källén,0.0
967,Laid-Back Camp Movie,2.0
968,Andrew Greig,0.0
969,Blood in the Water match,1.0
970,East and West Africa Medal,2.0
971,Venugopal,0.0
972,Once Upon a Time Twenty Years Later,0.0
973,You Are My Sunshine (2015 film),1.0
974,Angola at the 2020 Summer Olympics,1.0
975,Readme.cc,0.0
976,Chile at the 2009 World Championships in Athletics,1.0
977,Microsoft Flight Simulator X,1.0
978,Madeleine Madden,1.0
979,Hypexilis longipennis,0.0
980,Iguerali,1.0
981,Fire police,0.0
982,Paulina Is Leaving,1.0
983,Francesco Lamon,1.0
984,Eocarcharia,16.0
985,1920 Spring Hill Badgers football team,0.0
986,2015–16 Western Kentucky Lady Toppers basketball team,1.0
987,John Joseph Woods,1.0
988,Kosovo Dabje,1.0
989,"Legacy High School (South Gate, California)",1.0
990,"Kadoma, Osaka",8.0
991,Warwick Films,0.0
992,Justo Somonte Iturrioz,0.0
993,Robert Brackenbury,0.0
994,The Applejacks (American band),0.0
995,Steve McQueen,8.0
996,Krasnaya Nunatak,0.0
997,"The Pines (Anniston, Alabama)",3.0
998,1993 Ukrainian Women's League,2.0
999,Jabbar Baghtcheban,1.0
